N,P,K,temperature,humidity,ph,rainfall,label
90,42,43,20.87974,82.00274,6.50299,202.93554,rice
85,58,41,21.77046,80.31964,7.03809,226.65554,rice
60,55,44,23.00446,82.32076,7.84021,263.96425,rice
74,35,40,26.49110,80.15836,6.98040,242.86403,rice
78,42,42,20.13017,81.60487,7.62847,262.71734,rice
69,55,38,23.05805,83.37012,7.07345,251.05500,rice
69,55,55,22.70884,82.63941,5.70081,271.32486,rice
94,53,40,20.27774,82.89409,5.71863,241.97419,rice
89,54,38,24.51588,83.53522,6.68535,230.44624,rice
68,58,38,23.60302,83.03322,6.39694,241.49433,rice
91,53,40,26.53391,81.41754,5.38617,264.61487,rice
90,46,42,23.97898,81.45062,7.50283,250.08323,rice
78,58,44,26.80080,80.88685,5.10868,274.45586,rice
93,56,36,24.01498,82.05687,6.98435,185.27734,rice
94,50,37,25.66585,80.66385,6.94802,209.58697,rice
60,48,39,24.28638,80.30026,7.04227,231.08633,rice
85,58,41,20.77576,84.45781,6.24203,240.08107,rice
91,35,39,23.79392,80.41818,6.97086,207.25212,rice
77,38,42,21.86525,80.19230,5.95393,224.55502,rice
88,54,40,23.57944,83.58761,6.11202,237.76826,rice
76,44,40,21.36509,80.75961,7.07045,202.93841,rice
61,38,43,25.15558,83.11714,5.22946,217.45552,rice
67,59,41,21.94767,80.97384,6.01266,213.35609,rice
83,41,43,21.05254,82.67840,6.25403,263.31469,rice
98,47,37,23.48381,81.25992,7.37548,224.05813,rice
96,56,40,24.07354,83.05280,6.52528,212.55513,rice
67,46,42,20.61262,81.41109,7.37917,270.08588,rice
83,52,43,24.52923,80.54499,7.07046,261.02688,rice
82,45,38,20.77089,84.10298,6.24933,262.77734,rice
84,51,35,20.40456,84.26908,6.29224,224.08098,rice
73,58,44,22.10766,81.58825,7.88796,262.88801,rice
92,35,40,23.53492,80.37909,6.96969,242.06403,rice
85,58,41,21.77046,80.31964,7.03809,226.65554,rice
71,54,16,22.61360,63.69071,5.74991,87.75954,maize
61,44,17,26.10018,71.57477,6.93175,102.26624,maize
80,43,16,23.55882,71.59735,6.65796,66.71996,maize
73,58,21,19.97216,57.68273,6.59606,60.65172,maize
61,38,20,18.47891,62.18784,6.27253,70.83381,maize
65,57,19,20.04614,68.93108,6.45306,65.11366,maize
68,59,15,22.40419,67.72621,7.21858,90.75164,maize
86,40,23,24.92162,66.78627,5.75026,109.21405,maize
77,44,20,20.76722,60.52589,6.55016,110.66178,maize
62,49,16,26.54100,57.78084,7.48017,84.79354,maize
91,49,25,24.96493,67.24584,6.38520,77.88792,maize
75,56,22,25.62736,55.15216,6.58169,82.46337,maize
67,35,22,24.97256,56.18520,6.53391,67.66155,maize
60,54,19,25.01019,67.52853,6.33111,73.83446,maize
92,38,20,24.81441,69.58414,6.83303,72.24851,maize
75,54,24,20.91740,58.28559,6.42607,69.80131,maize
89,35,18,25.96633,67.23675,6.36231,67.43794,maize
67,49,22,25.26781,61.70586,6.59583,97.72861,maize
93,41,17,25.59048,68.02492,6.92422,83.06325,maize
76,44,17,19.02061,71.91253,7.32631,63.50731,maize
36,68,77,17.02498,16.55040,7.48549,76.68388,chickpea
35,64,78,19.02061,17.13139,6.92045,79.92698,chickpea
40,72,77,17.88776,15.40590,5.99692,68.54933,chickpea
24,67,79,18.86806,15.65809,6.39117,88.51049,chickpea
38,72,78,19.00939,17.13693,6.97434,76.50508,chickpea
28,78,84,17.63653,18.89516,6.43574,84.15682,chickpea
33,62,75,17.14187,17.84279,7.56846,73.23576,chickpea
30,73,81,18.96203,15.71764,7.10959,77.07659,chickpea
22,72,85,17.43389,17.02700,7.63660,70.52843,chickpea
36,78,82,18.73024,19.57864,7.40939,77.72124,chickpea
28,74,75,17.38202,15.65213,6.17060,79.37894,chickpea
29,78,82,18.25409,19.64166,6.33120,67.75549,chickpea
37,60,78,18.52809,17.75529,6.01267,73.49841,chickpea
23,73,78,17.74797,17.91572,7.31976,72.49392,chickpea
26,71,80,18.99525,16.51860,6.07185,87.05047,chickpea
21,55,16,21.18731,22.86875,5.74471,115.68114,kidneybeans
30,71,21,17.43431,23.51336,5.65999,103.54140,kidneybeans
19,65,16,19.01861,24.16858,5.72750,111.45524,kidneybeans
33,70,22,17.15174,21.61114,5.72477,88.94829,kidneybeans
20,60,25,23.00780,21.90226,5.69864,130.00579,kidneybeans
26,72,21,19.26190,24.59751,5.62648,127.39121,kidneybeans
18,74,18,17.88451,21.60527,5.55959,141.56477,kidneybeans
37,70,22,18.79044,21.57973,5.67984,136.21558,kidneybeans
34,65,24,19.78918,21.28285,5.69176,145.47466,kidneybeans
31,73,15,19.14175,23.47353,5.70035,140.75168,kidneybeans
19,68,23,20.04614,21.13880,5.53186,108.68302,kidneybeans
22,72,23,24.91461,62.55441,5.55536,127.47294,pigeonpeas
35,65,22,27.74797,60.03054,6.73276,182.56163,pigeonpeas
17,72,18,36.51268,57.99713,5.22384,181.41905,pigeonpeas
37,79,19,35.40552,50.77491,6.50503,138.83515,pigeonpeas
38,72,18,26.79534,51.83559,6.03982,100.28896,pigeonpeas
18,57,21,27.42061,64.21528,5.78906,177.56842,pigeonpeas
36,66,22,27.56066,54.40748,6.86315,191.07723,pigeonpeas
35,63,22,34.81977,63.14917,6.84074,195.42678,pigeonpeas
22,67,20,31.46522,61.28045,6.60877,142.06909,pigeonpeas
19,68,21,35.21463,49.69741,6.71261,194.70451,pigeonpeas
22,46,23,27.97545,51.81057,6.46744,35.08634,mothbeans
38,58,25,27.54385,51.25404,7.12574,53.88681,mothbeans
17,45,21,28.84279,53.64937,8.23275,64.26786,mothbeans
25,48,22,28.51461,54.67389,8.96744,38.25841,mothbeans
21,57,23,27.87229,58.33089,8.75625,60.55172,mothbeans
26,45,22,29.13045,43.20547,7.21858,63.50731,mothbeans
35,46,18,29.94797,64.03054,6.73276,42.56163,mothbeans
24,52,20,28.79534,48.83559,7.03982,49.28896,mothbeans
20,53,19,27.91461,62.55441,7.55536,47.47294,mothbeans
22,59,21,28.61868,85.65345,6.71545,40.16472,mungbean
23,45,19,27.18222,86.50444,6.58663,52.47724,mungbean
21,52,18,29.54419,85.72621,6.91858,45.75164,mungbean
38,58,25,27.54385,88.25404,6.82574,53.88681,mungbean
23,59,20,29.99840,85.34098,6.81845,43.43794,mungbean
24,58,24,28.87891,87.18784,6.67253,50.83381,mungbean
39,67,19,29.91461,65.55441,7.15536,67.47294,blackgram
42,75,20,31.74797,64.03054,7.33276,62.56163,blackgram
35,72,18,28.51268,67.99713,7.22384,71.41905,blackgram
47,69,19,25.40552,60.77491,7.10503,68.83515,blackgram
38,62,18,26.79534,61.83559,7.03982,65.28896,blackgram
21,68,20,25.91461,64.55441,6.85536,47.47294,lentil
18,75,19,24.74797,65.03054,6.93276,42.56163,lentil
22,72,18,26.51268,67.99713,7.22384,51.41905,lentil
19,69,21,28.40552,62.77491,7.10503,38.83515,lentil
24,62,18,23.79534,64.83559,6.73982,45.28896,lentil
22,20,38,22.61360,92.69071,6.44991,107.75954,pomegranate
18,17,41,21.10018,91.57477,6.33175,102.26624,pomegranate
25,23,39,23.55882,90.59735,6.65796,106.71996,pomegranate
19,18,40,19.97216,88.68273,6.59606,110.65172,pomegranate
21,21,42,20.47891,89.18784,6.27253,108.83381,pomegranate
100,75,50,27.33532,80.12345,5.92345,102.45678,banana
105,82,53,28.10018,79.57477,6.13175,112.26624,banana
95,88,48,26.55882,81.59735,5.85796,96.71996,banana
110,80,52,27.97216,80.68273,6.09606,108.65172,banana
92,85,49,26.47891,82.18784,5.77253,105.83381,banana
22,25,31,31.61360,50.69071,5.74991,94.75954,mango
19,30,28,33.10018,48.57477,5.93175,98.26624,mango
24,28,32,29.55882,52.59735,6.15796,92.71996,mango
18,22,29,32.97216,49.68273,5.69606,96.65172,mango
21,27,30,30.47891,51.18784,5.87253,95.83381,mango
23,130,200,22.61360,82.69071,6.14991,69.75954,grapes
20,135,198,24.10018,81.57477,5.93175,71.26624,grapes
25,128,202,21.55882,83.59735,6.25796,67.71996,grapes
19,132,201,23.97216,81.68273,5.89606,70.65172,grapes
22,131,199,25.47891,80.18784,6.07253,68.83381,grapes
99,18,50,25.61360,85.69071,6.44991,50.75954,watermelon
102,15,52,26.10018,84.57477,6.63175,48.26624,watermelon
95,22,48,24.55882,86.59735,6.35796,52.71996,watermelon
105,16,51,25.97216,85.68273,6.59606,49.65172,watermelon
98,19,49,24.47891,87.18784,6.47253,53.83381,watermelon
101,17,50,28.61360,92.69071,6.34991,24.75954,muskmelon
98,15,52,29.10018,91.57477,6.43175,26.26624,muskmelon
105,19,48,27.55882,93.59735,6.25796,22.71996,muskmelon
97,16,51,28.97216,92.68273,6.39606,25.65172,muskmelon
102,18,49,28.47891,94.18784,6.27253,23.83381,muskmelon
22,135,200,22.61360,92.69071,5.94991,112.75954,apple
20,132,198,23.10018,91.57477,6.03175,115.26624,apple
25,138,202,21.55882,93.59735,5.85796,108.71996,apple
19,130,201,22.97216,92.68273,5.99606,114.65172,apple
23,136,199,21.47891,94.18784,5.87253,110.83381,apple
21,16,10,22.61360,92.69071,7.04991,110.75954,orange
18,14,12,23.10018,91.57477,7.13175,112.26624,orange
24,18,9,21.55882,93.59735,6.85796,108.71996,orange
19,15,11,22.97216,92.68273,6.99606,114.65172,orange
22,17,10,24.47891,90.18784,7.07253,109.83381,orange
50,60,50,33.61360,92.69071,6.74991,142.75954,papaya
48,58,52,34.10018,91.57477,6.83175,148.26624,papaya
55,62,48,32.55882,93.59735,6.65796,138.71996,papaya
47,55,51,35.97216,90.68273,6.79606,155.65172,papaya
52,64,49,31.47891,94.18784,6.77253,140.83381,papaya
22,17,30,27.61360,95.69071,5.94991,175.75954,coconut
19,15,32,28.10018,94.57477,6.03175,182.26624,coconut
25,19,28,26.55882,96.59735,5.85796,168.71996,coconut
18,16,31,27.97216,95.68273,6.09606,179.65172,coconut
23,18,29,26.47891,97.18784,5.87253,170.83381,coconut
118,46,20,24.01360,79.89071,6.94991,80.45954,cotton
115,48,22,24.80018,78.57477,7.13175,85.26624,cotton
122,42,18,23.25882,81.59735,6.75796,76.71996,cotton
112,50,21,25.17216,77.68273,7.09606,88.65172,cotton
120,44,19,23.47891,82.18784,6.87253,78.83381,cotton
78,47,40,25.01360,79.69071,6.74991,174.85954,jute
75,49,42,25.80018,78.57477,6.83175,180.26624,jute
82,44,38,24.25882,81.59735,6.65796,168.71996,jute
74,51,41,26.17216,77.68273,6.89606,182.65172,jute
80,45,39,24.47891,82.18784,6.67253,170.83381,jute
101,29,30,25.51360,58.99071,6.74991,158.15954,coffee
98,32,32,26.10018,57.57477,6.83175,165.26624,coffee
105,27,28,24.55882,60.59735,6.65796,152.71996,coffee
96,31,31,26.87216,56.68273,6.89606,170.65172,coffee
103,28,29,24.97891,61.18784,6.67253,150.83381,coffee
